<?xml version="1.0" encoding="UTF-8"?>
<!DOCTYPE suite SYSTEM "https://testng.org/testng-1.0.dtd">
<suite name="busTicketBooking">
	<listeners>
		<listener class-name="com.busTicketBooking.utilities.Reporting" />
	</listeners>

  <test thread-count="5" name="Test">
  	<parameter name="browser" value="chrome" />
    <classes>
      <class name="com.busTicketBooking.testCases.TC_001_launchUrl"/>
      <class name="com.busTicketBooking.testCases.TC002_selSourceDestination"/>
    </classes>
  </test> 
</suite> 
